,total_loss,feature_reconstruction_loss,structure_reconstruction_loss,proj_loss,pca_loss,accuracy,accuracy_s,accuracy_f,auc score,f1 score
0,1331668.75,22.29452133178711,6244.521484375,1316426.25,8975.6171875,0.6170738801628854,0.7846131471785922,0.8227166957533449,0.3837469773065476,0.12233333333333334
1,1322714.375,21.481998443603516,5856.29736328125,1308121.5,8715.17578125,0.6153286794648051,0.7846131471785922,0.8254799301919721,0.3778701481894841,0.11833333333333333
2,1313867.25,20.86458969116211,5524.744140625,1299863.5,8458.1396484375,0.6176556137289122,0.785194880744619,0.8259162303664922,0.37157367621527776,0.12366666666666666
3,1305112.75,20.278324127197266,5234.96826171875,1291652.75,8204.748046875,0.6173647469458988,0.7853403141361257,0.8266433973240256,0.36588876488095234,0.123
4,1296426.0,19.72780418395996,4961.513671875,1283490.125,7954.60888671875,0.6169284467713787,0.7854857475276323,0.8276614310645725,0.36108485243055555,0.122
5,1287838.875,19.241470336914062,4735.82666015625,1275376.5,7707.27099609375,0.6176556137289122,0.7859220477021525,0.8285340314136126,0.35697191220238095,0.12366666666666666
6,1279325.875,18.8278865814209,4531.49853515625,1267313.125,7462.36083984375,0.6180919139034322,0.7863583478766725,0.8295520651541594,0.35345824032738093,0.12466666666666666
7,1270890.0,18.484228134155273,4351.87548828125,1259300.25,7219.42578125,0.6191099476439791,0.7873763816172193,0.8299883653286795,0.35037245783730153,0.127
8,1262540.25,18.204164505004883,4204.96142578125,1251338.75,6978.33935546875,0.6198371146015125,0.7876672484002327,0.8302792321116929,0.34884041728670634,0.12866666666666668
9,1254247.375,17.94765853881836,4061.47021484375,1243429.0,6739.02294921875,0.6214368819080861,0.7879581151832461,0.8307155322862129,0.34800294518849206,0.13233333333333333
10,1246027.0,17.735546112060547,3936.410400390625,1235571.5,6501.3203125,0.6221640488656196,0.7886852821407795,0.8307155322862129,0.34883217075892853,0.134
11,1237875.0,17.558612823486328,3825.802490234375,1227766.375,6265.2744140625,0.6218731820826061,0.7891215823152996,0.8314426992437464,0.34939611235119045,0.13333333333333333
12,1229778.25,17.385520935058594,3716.003662109375,1220014.0,6030.923828125,0.6220186154741129,0.7895578824898196,0.831151832460733,0.3503285435267857,0.13366666666666666
13,1221735.5,17.22861099243164,3605.19775390625,1212314.75,5798.337890625,0.6227457824316464,0.7897033158813264,0.8310063990692262,0.3516796564980159,0.13533333333333333
14,1213767.75,17.09683609008789,3514.486572265625,1204668.375,5567.7255859375,0.6223094822571262,0.7901396160558464,0.8307155322862129,0.3525382099454365,0.13433333333333333
15,1205850.5,16.963268280029297,3419.12109375,1197075.25,5339.1103515625,0.6220186154741129,0.7905759162303665,0.8308609656777196,0.3540461619543651,0.13366666666666666
16,1197995.75,16.84836769104004,3330.9052734375,1189535.5,5112.5400390625,0.6223094822571262,0.7904304828388597,0.8305700988947062,0.35513619171626987,0.13433333333333333
17,1190189.5,16.71320915222168,3235.33642578125,1182049.375,4888.17578125,0.6226003490401396,0.7905759162303665,0.8302792321116929,0.3561595672123016,0.135
18,1182448.25,16.617631912231445,3148.89794921875,1174616.75,4666.025390625,0.622454915648633,0.7907213496218732,0.8299883653286795,0.3572451946924603,0.13466666666666666
19,1174766.125,16.503175735473633,3065.683349609375,1167237.75,4446.22314453125,0.622891215823153,0.7907213496218732,0.8296974985456661,0.358442630828373,0.13566666666666666
20,1167145.5,16.396493911743164,2988.021728515625,1159912.25,4228.8974609375,0.6230366492146597,0.7907213496218732,0.8294066317626527,0.35956575520833334,0.136
21,1159581.5,16.300453186035156,2910.625,1152640.375,4014.189453125,0.6233275159976731,0.7907213496218732,0.8294066317626527,0.3605999348958333,0.13666666666666666
22,1152076.75,16.199419021606445,2836.57470703125,1145421.75,3802.2119140625,0.6233275159976731,0.7905759162303665,0.829261198371146,0.36192644779265876,0.13666666666666666
23,1144625.0,16.109630584716797,2759.1005859375,1138256.5,3593.195068359375,0.6234729493891797,0.7904304828388597,0.8291157649796393,0.36410779389880954,0.137
24,1137237.0,16.006372451782227,2689.278564453125,1131144.375,3387.346923828125,0.6226003490401396,0.7908667830133799,0.828824898196626,0.3658239242311508,0.135
25,1129910.125,15.917539596557617,2624.558837890625,1124084.75,3184.833251953125,0.622891215823153,0.7904304828388597,0.8285340314136126,0.36878166852678573,0.13566666666666666
26,1122651.5,15.81509780883789,2571.836181640625,1117078.0,2985.845458984375,0.6236183827806865,0.7902850494473531,0.8282431646305992,0.3719646422371032,0.13733333333333334
27,1115416.625,15.728466987609863,2487.240478515625,1110123.125,2790.54052734375,0.6236183827806865,0.7902850494473531,0.8278068644560791,0.3763425099206349,0.13733333333333334
28,1108265.25,15.646265983581543,2430.18994140625,1103220.125,2599.26806640625,0.6227457824316464,0.7901396160558464,0.8279522978475858,0.3812264539930556,0.13533333333333333
29,1101160.0,15.5786714553833,2363.46630859375,1096368.75,2412.309814453125,0.6223094822571262,0.7897033158813264,0.8275159976730657,0.38702918836805555,0.13433333333333333
30,1094115.625,15.489779472351074,2301.72119140625,1089568.375,2230.004638671875,0.622454915648633,0.7901396160558464,0.826934264107039,0.3941189856150793,0.13466666666666666
31,1087148.625,15.42333698272705,2261.98974609375,1082818.5,2052.761962890625,0.6230366492146597,0.7902850494473531,0.8272251308900523,0.4021420510912698,0.136
32,1080215.75,15.341094017028809,2200.762451171875,1076118.5,1881.07568359375,0.6231820826061664,0.7907213496218732,0.8267888307155323,0.4102204086061508,0.13633333333333333
33,1073345.75,15.269501686096191,2147.215576171875,1069468.0,1715.29150390625,0.6259453170447935,0.7904304828388597,0.8267888307155323,0.41930209883432545,0.14266666666666666
34,1066545.875,15.178656578063965,2108.459716796875,1062866.625,1555.6522216796875,0.6244909831297266,0.7901396160558464,0.8266433973240256,0.4282005983382936,0.13933333333333334
35,1059787.625,15.124917030334473,2056.143798828125,1056313.625,1402.7401123046875,0.6266724840023269,0.789848749272833,0.826497963932519,0.4373113064236111,0.14433333333333334
36,1053101.125,14.958125114440918,2020.782958984375,1049808.5,1256.8585205078125,0.6272542175683536,0.789848749272833,0.8259162303664922,0.44577213541666666,0.14566666666666667
37,1046464.5625,14.864643096923828,1980.5830078125,1043350.8125,1118.32373046875,0.6284176847004073,0.789848749272833,0.8257707969749855,0.45065705605158735,0.14833333333333334
38,1039879.75,14.779341697692871,1937.4183349609375,1036940.3125,987.270751953125,0.6295811518324608,0.7902850494473531,0.8256253635834788,0.45500068204365074,0.151
39,1033355.1875,14.662104606628418,1900.4521484375,1030576.375,863.7139892578125,0.6303083187899942,0.7904304828388597,0.825043630017452,0.4583498108878968,0.15266666666666667
40,1026892.25,14.582621574401855,1871.0384521484375,1024258.625,748.001953125,0.631762652705061,0.7901396160558464,0.824607329842932,0.46227723524305564,0.156
41,1020482.8125,14.519850730895996,1840.1871337890625,1017986.25,641.850830078125,0.6332169866201279,0.7905759162303665,0.8241710296684118,0.46427416604662697,0.15933333333333333
42,1014140.1875,14.458629608154297,1817.0384521484375,1011758.4375,550.239013671875,0.6335078534031413,0.7907213496218732,0.8248981966259453,0.46592970300099207,0.16
43,1007880.375,14.415307998657227,1799.9739990234375,1005572.375,493.637939453125,0.6358347876672484,0.7907213496218732,0.824607329842932,0.4676001519097222,0.16533333333333333
44,1001694.625,14.366522789001465,1766.2581787109375,999422.375,491.6522216796875,0.6371436881908086,0.7905759162303665,0.8247527632344386,0.46661163814484125,0.16833333333333333
45,995532.375,14.330924987792969,1719.2808837890625,993309.75,489.0279846191406,0.6346713205351949,0.7905759162303665,0.8243164630599186,0.4482769252232143,0.16266666666666665
46,989421.125,14.302416801452637,1685.5772705078125,987239.9375,481.29052734375,0.6311809191390343,0.7905759162303665,0.824607329842932,0.4459771980406746,0.15466666666666667
47,983408.25,14.266677856445312,1682.0880126953125,981221.1875,490.6611633300781,0.6305991855730075,0.7904304828388597,0.8244618964514252,0.4587621217757936,0.15333333333333332
48,977471.875,14.241598129272461,1689.0361328125,975257.75,510.8875427246094,0.6295811518324608,0.7902850494473531,0.8247527632344386,0.46062064422123017,0.151
49,971574.875,14.216320037841797,1686.4591064453125,969348.0625,526.1245727539062,0.6292902850494474,0.7902850494473531,0.825043630017452,0.46143072606646823,0.15033333333333335
50,965718.5625,14.211084365844727,1685.07275390625,963489.6875,529.5850830078125,0.6304537521815009,0.7902850494473531,0.825043630017452,0.466259269593254,0.153
51,959898.625,14.172210693359375,1681.566650390625,957681.4375,521.4298095703125,0.6303083187899942,0.7902850494473531,0.8251890634089587,0.4656398034474206,0.15266666666666667
52,954109.0,14.152994155883789,1667.93896484375,951922.5,504.4397277832031,0.6310354857475277,0.7904304828388597,0.8247527632344386,0.4660918278769841,0.15433333333333332
53,948358.9375,14.128986358642578,1650.9326171875,946212.5,481.3929138183594,0.6310354857475277,0.7901396160558464,0.8248981966259453,0.4664703776041667,0.15433333333333332
54,942655.0,14.108939170837402,1633.2239990234375,940550.5625,457.1288757324219,0.6311809191390343,0.7901396160558464,0.8254799301919721,0.4684385695684524,0.15466666666666667
55,937004.375,14.087394714355469,1609.814453125,934933.75,446.7500915527344,0.6316172193135544,0.7899941826643397,0.8248981966259453,0.4734843905009921,0.15566666666666668
56,931408.875,14.069515228271484,1591.7833251953125,929354.25,448.72711181640625,0.6327806864456079,0.7901396160558464,0.8251890634089587,0.47599851190476195,0.15833333333333333
57,925831.625,14.047755241394043,1555.7689208984375,923811.625,450.1802062988281,0.6326352530541012,0.7901396160558464,0.8256253635834788,0.477533203125,0.158
58,920312.625,14.027565002441406,1532.453857421875,918312.1875,453.9139099121094,0.6326352530541012,0.7902850494473531,0.8262070971495056,0.4793170882936508,0.158
59,914824.5,14.006875038146973,1492.3697509765625,912860.6875,457.4455261230469,0.6335078534031413,0.7902850494473531,0.8263525305410122,0.4794755859375,0.16
60,909393.75,13.98945426940918,1466.9915771484375,907456.3125,456.4657287597656,0.6358347876672484,0.7902850494473531,0.826497963932519,0.4781015625,0.16533333333333333
61,904001.0,13.967694282531738,1439.7952880859375,902097.1875,450.080810546875,0.6368528214077952,0.7902850494473531,0.826497963932519,0.46373418898809526,0.16766666666666666
62,898657.125,13.949674606323242,1420.623046875,896780.5625,441.9697570800781,0.6487783595113438,0.7899941826643397,0.8266433973240256,0.42813764880952376,0.195
63,893384.5,13.928621292114258,1428.1097412109375,891504.1875,438.2502136230469,0.6508144269924374,0.789848749272833,0.8267888307155323,0.4411562189980158,0.19966666666666663
64,888147.8125,13.910311698913574,1428.654052734375,886266.8125,438.445556640625,0.6531413612565445,0.789848749272833,0.8270796974985457,0.45059246341765874,0.205
65,882927.25,13.893518447875977,1405.7313232421875,881069.0,438.6483459472656,0.6529959278650378,0.7899941826643397,0.8270796974985457,0.45218805803571427,0.20466666666666666
66,877768.6875,13.875957489013672,1404.6837158203125,875911.875,438.24224853515625,0.6548865619546248,0.7899941826643397,0.8276614310645725,0.45389592633928566,0.209
67,872623.5,13.853832244873047,1376.0556640625,870796.125,437.4328918457031,0.6540139616055847,0.7899941826643397,0.8272251308900523,0.45212521701388886,0.207
68,867528.125,13.834023475646973,1357.7391357421875,865721.0,435.565673828125,0.6541593949970913,0.7904304828388597,0.8276614310645725,0.45225809151785723,0.20733333333333334
69,862475.75,13.819229125976562,1342.6732177734375,860685.6875,433.5447998046875,0.6550319953461314,0.7904304828388597,0.8280977312390925,0.44918695746527776,0.20933333333333334
70,857456.625,13.799112319946289,1321.8770751953125,855689.3125,431.6487731933594,0.6557591623036649,0.7901396160558464,0.828824898196626,0.4458177238343254,0.211
71,852476.9375,13.779071807861328,1304.3167724609375,850731.125,427.7049255371094,0.6554682955206516,0.7902850494473531,0.8279522978475858,0.4565208953373016,0.21033333333333337
72,847540.75,13.768259048461914,1295.115478515625,845811.5,420.3642883300781,0.6513961605584643,0.7904304828388597,0.8289703315881326,0.47498809523809526,0.201
73,842651.375,13.74428939819336,1292.184814453125,840930.1875,415.22979736328125,0.6493600930773705,0.7905759162303665,0.8289703315881326,0.47788237847222226,0.19633333333333333
74,837801.0,13.725132942199707,1286.3565673828125,836085.0,415.9208068847656,0.6506689936009308,0.7904304828388597,0.829261198371146,0.4738724268353175,0.19933333333333333
75,832978.9375,13.707579612731934,1274.02734375,831274.6875,416.52593994140625,0.650523560209424,0.7904304828388597,0.8294066317626527,0.4689773840525794,0.199
76,828187.5625,13.690530776977539,1257.4654541015625,826501.9375,414.46917724609375,0.6516870273414777,0.7905759162303665,0.8294066317626527,0.4658795417906746,0.20166666666666663
77,823440.0625,13.673675537109375,1246.9151611328125,821767.625,411.85992431640625,0.6541593949970913,0.7902850494473531,0.8298429319371727,0.46281649925595236,0.20733333333333334
78,818725.125,13.65596866607666,1232.1427001953125,817068.5,410.8276062011719,0.6572134962187318,0.7902850494473531,0.8298429319371727,0.46396203807043646,0.21433333333333332
79,814049.1875,13.640445709228516,1221.6373291015625,812403.125,410.81524658203125,0.6621582315299592,0.7904304828388597,0.8299883653286795,0.4716912047371032,0.22566666666666665
80,809409.25,13.623244285583496,1209.833984375,807773.875,411.9330139160156,0.6656486329261199,0.7901396160558464,0.8298429319371727,0.47732770647321426,0.23366666666666666
81,804821.6875,13.609038352966309,1216.2906494140625,803179.875,411.9334716796875,0.6666666666666666,0.7904304828388597,0.8299883653286795,0.4827747705853174,0.236
82,800241.75,13.589445114135742,1196.647705078125,798620.3125,411.2096252441406,0.6652123327515997,0.7901396160558464,0.8298429319371727,0.47898228236607143,0.23266666666666666
83,795697.6875,13.574517250061035,1180.4022216796875,794095.5,408.1690368652344,0.6652123327515997,0.7899941826643397,0.8299883653286795,0.4752335844494047,0.23266666666666666
84,791188.75,13.557906150817871,1165.033447265625,789605.1875,405.0213317871094,0.6624490983129726,0.789848749272833,0.8302792321116929,0.46871473524305557,0.22633333333333333
85,786725.875,13.541275978088379,1161.7991943359375,785148.9375,401.635986328125,0.662303664921466,0.789848749272833,0.8302792321116929,0.46935813492063494,0.226
86,782288.1875,13.525712013244629,1150.577880859375,780725.3125,398.7337951660156,0.6631762652705061,0.789848749272833,0.8305700988947062,0.4695751643105158,0.228
87,777890.9375,13.510028839111328,1145.095703125,776333.25,399.0908508300781,0.6630308318789995,0.789848749272833,0.8308609656777196,0.47075664992559524,0.22766666666666666
88,773511.0,13.493353843688965,1124.365966796875,771974.1875,398.9466857910156,0.6634671320535195,0.7899941826643397,0.8315881326352531,0.47168867807539683,0.22866666666666666
89,769173.8125,13.481888771057129,1115.1387939453125,767648.3125,396.87811279296875,0.6633216986620128,0.7897033158813264,0.831151832460733,0.4722372891865079,0.22833333333333333
90,764881.9375,13.462590217590332,1118.10205078125,763354.375,396.02301025390625,0.664194299011053,0.7901396160558464,0.8312972658522396,0.4742300192212302,0.23033333333333333
91,760607.625,13.449854850769043,1104.2862548828125,759090.9375,398.9540100097656,0.6640488656195462,0.7895578824898196,0.8315881326352531,0.473795665922619,0.23
92,756368.125,13.439650535583496,1096.912109375,754858.8125,398.95733642578125,0.6639034322280396,0.7897033158813264,0.8321698662012799,0.4736056082589286,0.22966666666666666
93,752155.5625,13.422863960266113,1088.0538330078125,750659.5,394.5384216308594,0.6639034322280396,0.7895578824898196,0.8315881326352531,0.4734686104910714,0.22966666666666666
94,747974.0,13.405516624450684,1077.5484619140625,746492.9375,390.1562194824219,0.6649214659685864,0.789412449098313,0.8314426992437464,0.47386554439484124,0.232
95,743829.375,13.390412330627441,1070.3267822265625,742354.5,391.1695861816406,0.6649214659685864,0.7891215823152996,0.8318789994182665,0.47438833085317456,0.232
96,739711.4375,13.375791549682617,1061.7777099609375,738244.9375,391.4035339355469,0.6647760325770797,0.789412449098313,0.8315881326352531,0.47449758184523816,0.23166666666666666
97,735622.875,13.366131782531738,1052.928466796875,734167.0,389.57891845703125,0.664630599185573,0.7895578824898196,0.8323152995927865,0.4753726438492063,0.23133333333333334
98,731572.75,13.351738929748535,1050.0435791015625,730119.625,389.75823974609375,0.6652123327515997,0.7911576497963932,0.8324607329842932,0.4763193359375,0.23266666666666666
99,727545.875,13.333944320678711,1040.5782470703125,726100.25,391.7115478515625,0.6652123327515997,0.7904304828388597,0.8324607329842932,0.4761810205853174,0.23266666666666666
100,723543.75,13.321258544921875,1029.912353515625,722110.0,390.49871826171875,0.6657940663176265,0.7904304828388597,0.8327515997673066,0.4764308500744048,0.234
101,719577.5625,13.308099746704102,1028.0906982421875,718151.125,385.05218505859375,0.6652123327515997,0.7908667830133799,0.8331878999418266,0.47688382006448415,0.23266666666666666
102,715631.75,13.295190811157227,1013.57763671875,714221.25,383.6419372558594,0.6653577661431065,0.7904304828388597,0.83304246655032,0.4772296626984127,0.233
103,711718.5625,13.282772064208984,1005.4246826171875,710316.8125,383.05706787109375,0.6650668993600931,0.7910122164048866,0.8333333333333334,0.47784666418650795,0.23233333333333334
104,707841.0625,13.269514083862305,1003.6053466796875,706441.1875,382.9803771972656,0.6662303664921466,0.7918848167539267,0.83304246655032,0.4780553695436508,0.235
105,703988.6875,13.253984451293945,994.796875,702594.5625,386.08721923828125,0.6655031995346131,0.7914485165794066,0.8331878999418266,0.4780171750992064,0.23333333333333334
106,700159.125,13.241753578186035,986.49365234375,698774.8125,384.5770263671875,0.6653577661431065,0.7921756835369401,0.8333333333333334,0.47826240079365084,0.233
107,696366.125,13.231342315673828,989.29833984375,694983.3125,380.33447265625,0.66652123327516,0.7915939499709134,0.8339150668993601,0.47999510168650794,0.23566666666666666
108,692587.5625,13.216971397399902,972.7850952148438,691220.0,381.5791320800781,0.6659394997091332,0.7910122164048866,0.8346422338568935,0.4797085813492064,0.23433333333333334
109,688839.0625,13.20706844329834,964.3329467773438,687482.4375,379.079833984375,0.6649214659685864,0.7923211169284468,0.8346422338568935,0.4799573257688492,0.232
110,685122.6875,13.19365406036377,959.9985961914062,683771.4375,378.0478515625,0.6666666666666666,0.7931937172774869,0.83347876672484,0.48039104352678574,0.236
111,681428.4375,13.188284873962402,949.6536865234375,680087.25,378.3478088378906,0.6656486329261199,0.7920302501454334,0.8336242001163467,0.479841316344246,0.23366666666666666
112,677763.0625,13.16915225982666,943.3679809570312,676429.25,377.22332763671875,0.66652123327516,0.7931937172774869,0.8340605002908668,0.4804611235119048,0.23566666666666666
113,674135.75,13.161246299743652,949.6075439453125,672797.875,375.13916015625,0.6653577661431065,0.7920302501454334,0.8346422338568935,0.4819322761656746,0.233
114,670508.25,13.145547866821289,927.7745361328125,669192.3125,375.0155334472656,0.6647760325770797,0.7913030831879,0.8349331006399069,0.4815145399305556,0.23166666666666666
115,666932.0625,13.143311500549316,933.4039306640625,665611.8125,373.6600646972656,0.6653577661431065,0.7926119837114601,0.8365328679464805,0.48415628100198416,0.233
116,663363.1875,13.125692367553711,921.467041015625,662056.25,372.4035949707031,0.6668121000581734,0.7921756835369401,0.8340605002908668,0.48096910652281744,0.23633333333333334
117,659823.0625,13.115019798278809,913.4074096679688,658526.5,370.0699768066406,0.66695753344968,0.7939208842350204,0.8342059336823735,0.4817464502728175,0.23666666666666666
118,656310.125,13.101554870605469,907.3016967773438,655022.25,367.52801513671875,0.6659394997091332,0.7927574171029669,0.8344968004653869,0.481912109375,0.23433333333333334
119,652826.25,13.091272354125977,905.1319580078125,651541.6875,366.28253173828125,0.66652123327516,0.7927574171029669,0.8346422338568935,0.48237577504960316,0.23566666666666666
120,649363.375,13.080743789672852,895.6237182617188,648084.375,370.3046875,0.6659394997091332,0.7942117510180338,0.8355148342059336,0.4841066158234127,0.23433333333333334
121,645932.1875,13.069636344909668,899.9913330078125,644651.6875,367.4398498535156,0.6668121000581734,0.7924665503199535,0.835805700988947,0.4845471385168651,0.23633333333333334
122,642517.6875,13.061220169067383,894.2110595703125,641244.25,366.16552734375,0.6668121000581734,0.7943571844095404,0.835805700988947,0.48457026599702374,0.23633333333333334
123,639121.875,13.050299644470215,882.8704833984375,637860.4375,365.48388671875,0.6666666666666666,0.7939208842350204,0.835369400814427,0.4850063399057539,0.236
124,635747.1875,13.040637016296387,870.9652709960938,634499.25,363.9251403808594,0.6666666666666666,0.7918848167539267,0.835369400814427,0.4841390904017857,0.236
125,632407.875,13.028717041015625,870.4537963867188,631162.1875,362.1972961425781,0.6671029668411868,0.7931937172774869,0.835805700988947,0.4853317367311508,0.237
126,629084.6875,13.017512321472168,863.410888671875,627848.125,360.14251708984375,0.6666666666666666,0.7937754508435136,0.8356602675974404,0.48521546378968256,0.236
127,625788.8125,13.007685661315918,859.0633544921875,624556.1875,360.5890808105469,0.6672484002326934,0.7947934845840605,0.8359511343804538,0.4854982638888889,0.23733333333333334
128,622516.6875,12.997810363769531,857.7760009765625,621287.1875,358.764404296875,0.6662303664921466,0.7937754508435136,0.8362420011634671,0.4862227027529762,0.235
129,619255.875,12.987759590148926,841.0653076171875,618041.1875,360.6073913574219,0.66652123327516,0.7939208842350204,0.8362420011634671,0.4867754216269842,0.23566666666666666
130,616031.875,12.980067253112793,841.6746826171875,614816.875,360.3573303222656,0.6660849331006399,0.7921756835369401,0.8368237347294939,0.48698980034722217,0.23466666666666666
131,612819.9375,12.967705726623535,833.9459228515625,611614.8125,358.18310546875,0.66652123327516,0.7923211169284468,0.8365328679464805,0.4870582372271825,0.23566666666666666
132,609639.0,12.95771312713623,835.8893432617188,608435.6875,354.4629211425781,0.6659394997091332,0.7930482838859803,0.8365328679464805,0.48738902839781745,0.23433333333333334
133,606471.125,12.952010154724121,826.1201782226562,605278.6875,353.39739990234375,0.66652123327516,0.7927574171029669,0.8362420011634671,0.4879655257936508,0.23566666666666666
134,603328.4375,12.939661979675293,821.6536254882812,602141.4375,352.451171875,0.6663757998836533,0.7939208842350204,0.8365328679464805,0.48846961805555555,0.23533333333333334
135,600204.3125,12.932692527770996,813.3483276367188,599025.5625,352.5120544433594,0.6675392670157068,0.7934845840605003,0.8363874345549738,0.48850161210317466,0.238
136,597106.0625,12.922481536865234,810.1415405273438,595931.625,351.3622131347656,0.6672484002326934,0.7939208842350204,0.8369691681210005,0.48908655753968255,0.23733333333333334
137,594020.125,12.91271686553955,796.8954467773438,592858.5625,351.73968505859375,0.6666666666666666,0.7926119837114601,0.837260034904014,0.4892334294394841,0.236
138,590974.0625,12.903242111206055,804.9613037109375,589806.0625,350.0957946777344,0.6672484002326934,0.794066317626527,0.8368237347294939,0.48984598214285713,0.23733333333333334
139,587923.4375,12.89570426940918,786.7459106445312,586774.5625,349.2403564453125,0.6663757998836533,0.7930482838859803,0.8371146015125073,0.48927714223710317,0.23533333333333334
140,584910.75,12.886180877685547,787.327392578125,583763.9375,346.61700439453125,0.6673938336242001,0.7927574171029669,0.8371146015125073,0.49040113467261903,0.23766666666666666
141,581916.3125,12.890543937683105,783.615478515625,580772.9375,346.8717346191406,0.66695753344968,0.793630017452007,0.8390052356020943,0.4932420479910714,0.23666666666666666
142,578938.6875,12.87192440032959,777.7994995117188,577801.75,346.263427734375,0.6675392670157068,0.7947934845840605,0.8371146015125073,0.49033785962301585,0.238
143,575984.125,12.864531517028809,775.1539306640625,574850.9375,345.1726379394531,0.6673938336242001,0.7942117510180338,0.8382780686445608,0.491478515625,0.23766666666666666
144,573043.125,12.856209754943848,766.651123046875,571920.3125,343.2951354980469,0.6676847004072135,0.7931937172774869,0.837260034904014,0.49115206473214285,0.23833333333333334
145,570131.375,12.8467435836792,767.2905883789062,569008.9375,342.3014221191406,0.6681210005817335,0.7933391506689936,0.8374054682955206,0.4918346044146825,0.23933333333333334
146,567229.25,12.83824634552002,753.8753662109375,566116.4375,346.1114807128906,0.6682664339732403,0.7945026178010471,0.8374054682955206,0.49267122395833335,0.23966666666666667
147,564349.875,12.830448150634766,750.9862670898438,563243.4375,342.5988464355469,0.6675392670157068,0.7934845840605003,0.8382780686445608,0.49335687934027783,0.238
148,561489.5,12.821290969848633,745.3502197265625,560390.5625,340.7330017089844,0.6668121000581734,0.7918848167539267,0.837696335078534,0.49322572544642856,0.23633333333333334
149,558653.9375,12.818142890930176,741.6213989257812,557556.0625,343.4486083984375,0.66695753344968,0.7942117510180338,0.8378417684700408,0.49371499875992064,0.23666666666666666
150,555830.0,12.809350967407227,737.4348754882812,554740.125,339.60443115234375,0.6668121000581734,0.7952297847585805,0.8384235020360675,0.493607669890873,0.23633333333333334
151,553040.625,12.799949645996094,745.7076416015625,551943.375,338.75921630859375,0.6671029668411868,0.7937754508435136,0.8385689354275742,0.49445092385912703,0.237
152,550250.75,12.789963722229004,731.1757202148438,549164.8125,341.99188232421875,0.6676847004072135,0.7945026178010471,0.8385689354275742,0.4953199249751984,0.23833333333333334
153,547480.6875,12.783673286437988,726.2474365234375,546404.6875,337.01629638671875,0.6679755671902269,0.793630017452007,0.8381326352530541,0.49461473834325403,0.239
154,544734.75,12.777788162231445,720.300048828125,543663.625,338.0681457519531,0.6672484002326934,0.7953752181500873,0.8387143688190809,0.495387199280754,0.23733333333333334
155,542009.0,12.77056884765625,718.9461059570312,540939.625,337.6579895019531,0.6675392670157068,0.7953752181500873,0.8390052356020943,0.49615276227678573,0.238
156,539293.0625,12.763134956359863,710.3847045898438,538233.5,336.444091796875,0.6676847004072135,0.7956660849331006,0.8390052356020943,0.49677015128968255,0.23833333333333334
157,536608.3125,12.75542163848877,713.1829833984375,535546.0625,336.30010986328125,0.6691390343222804,0.793630017452007,0.8390052356020943,0.49643080357142855,0.24166666666666667
158,533935.25,12.74825668334961,712.1654052734375,532875.625,334.6964111328125,0.6682664339732403,0.793630017452007,0.8384235020360675,0.4952639663938492,0.23966666666666667
159,531278.5625,12.74378776550293,702.4924926757812,530222.8125,340.5274658203125,0.6681210005817335,0.7934845840605003,0.8390052356020943,0.4965042782738095,0.23933333333333334
160,528632.6875,12.734916687011719,697.15185546875,527587.25,335.5397033691406,0.6673938336242001,0.7934845840605003,0.8388598022105875,0.4983682415674603,0.23766666666666666
161,526012.6875,12.726008415222168,694.6285400390625,524969.75,335.56451416015625,0.6681210005817335,0.7930482838859803,0.8390052356020943,0.49701650855654766,0.23933333333333334
162,523406.09375,12.719049453735352,692.1788330078125,522369.0,332.1861572265625,0.6672484002326934,0.7947934845840605,0.8391506689936009,0.4971756572420635,0.23733333333333334
163,520823.3125,12.711968421936035,686.133544921875,519784.59375,339.88525390625,0.6685573007562536,0.794066317626527,0.839586969168121,0.4986616753472222,0.24033333333333334
164,518250.25,12.702832221984863,681.4837646484375,517216.90625,339.1600646972656,0.668848167539267,0.7939208842350204,0.8390052356020943,0.4979045913938492,0.241
165,515685.96875,12.696569442749023,675.2613525390625,514666.4375,331.5557861328125,0.6687027341477604,0.7930482838859803,0.8394415357766143,0.49883232576884917,0.24066666666666667
166,513151.3125,12.691631317138672,676.6871337890625,512133.40625,328.546630859375,0.6673938336242001,0.7931937172774869,0.840023269342641,0.49861631944444446,0.23766666666666666
167,510618.8125,12.682650566101074,655.861572265625,509616.03125,334.2414245605469,0.6687027341477604,0.7947934845840605,0.840023269342641,0.4986677517361111,0.24066666666666667
168,508121.84375,12.679649353027344,660.80029296875,507114.1875,334.2007141113281,0.6687027341477604,0.7945026178010471,0.8398778359511344,0.5008117249503968,0.24066666666666667
169,505629.71875,12.670975685119629,659.4176635742188,504628.90625,328.70330810546875,0.668848167539267,0.7930482838859803,0.8388598022105875,0.49882668340773817,0.241
170,503157.5,12.669235229492188,657.9376220703125,502160.875,326.01849365234375,0.6691390343222804,0.7930482838859803,0.8397324025596277,0.5002118675595237,0.24166666666666667
171,500699.125,12.660006523132324,653.43603515625,499708.1875,324.8590393066406,0.6682664339732403,0.7950843513670739,0.8392961023851077,0.4994940166170635,0.23966666666666667
172,498256.53125,12.654870986938477,649.8567504882812,497270.15625,323.87994384765625,0.6692844677137871,0.7933391506689936,0.8398778359511344,0.5003795417906747,0.242
173,495828.0,12.649073600769043,643.6627807617188,494848.25,323.4471435546875,0.668848167539267,0.7939208842350204,0.8397324025596277,0.5003979879712301,0.241
174,493415.0625,12.641117095947266,638.978515625,492442.09375,321.3440246582031,0.6673938336242001,0.7945026178010471,0.8397324025596277,0.5010800006200397,0.23766666666666666
175,491021.125,12.636351585388184,633.380615234375,490050.78125,324.3078918457031,0.6689936009307738,0.7953752181500873,0.8397324025596277,0.5022518756200397,0.24133333333333334
176,488638.90625,12.641704559326172,626.418212890625,487674.59375,325.2516174316406,0.6695753344968005,0.7971204188481675,0.8404595695171612,0.5036776878720238,0.24266666666666667
177,486275.65625,12.628602981567383,628.4613647460938,485314.0625,320.51458740234375,0.668848167539267,0.7947934845840605,0.8390052356020943,0.4996537388392857,0.241
178,483925.65625,12.62101936340332,625.7509155273438,482969.15625,318.1197204589844,0.6684118673647469,0.7937754508435136,0.839586969168121,0.5006337890624999,0.24
179,481588.46875,12.620881080627441,619.1323852539062,480638.4375,318.2938232421875,0.6687027341477604,0.7931937172774869,0.8406050029086678,0.5047757626488095,0.24066666666666667
180,479273.15625,12.607969284057617,621.7817993164062,478321.96875,316.8219299316406,0.6700116346713205,0.7945026178010471,0.8403141361256544,0.5018431299603174,0.24366666666666667
181,476968.46875,12.60102653503418,619.1612548828125,476020.71875,316.0115661621094,0.6694299011052938,0.7934845840605003,0.840023269342641,0.5008602430555555,0.24233333333333335
182,474673.9375,12.595426559448242,612.3387451171875,473734.0,315.0100402832031,0.6695753344968005,0.7931937172774869,0.840023269342641,0.5022645709325397,0.24266666666666667
183,472394.25,12.594316482543945,606.2157592773438,471461.21875,314.234375,0.6689936009307738,0.7934845840605003,0.8407504363001745,0.5057805989583333,0.24133333333333334
184,470138.46875,12.58132553100586,609.77978515625,469202.59375,313.495361328125,0.6705933682373473,0.795956951716114,0.8398778359511344,0.5018286210317461,0.245
185,467885.15625,12.581393241882324,600.2684936523438,466958.75,313.5555725097656,0.6700116346713205,0.7934845840605003,0.8394415357766143,0.5017382967509921,0.24366666666666667
186,465647.875,12.572447776794434,594.3976440429688,464728.84375,312.06597900390625,0.6694299011052938,0.7952297847585805,0.8404595695171612,0.5048584914434524,0.24233333333333335
187,463429.625,12.566327095031738,593.47412109375,462512.75,310.83734130859375,0.668848167539267,0.7933391506689936,0.8403141361256544,0.5034412977430556,0.241
188,461220.90625,12.56408405303955,587.2254638671875,460310.375,310.7436828613281,0.6695753344968005,0.7937754508435136,0.8403141361256544,0.5046805710565476,0.24266666666666667
189,459032.4375,12.558656692504883,589.1337280273438,458122.0,308.7572937011719,0.6700116346713205,0.7918848167539267,0.8403141361256544,0.5053321397569444,0.24366666666666667
190,456849.59375,12.549969673156738,581.6149291992188,455947.0625,308.3656921386719,0.6705933682373473,0.7952297847585805,0.8403141361256544,0.5049022507440477,0.245
191,454684.46875,12.545690536499023,578.3433837890625,453785.375,308.21795654296875,0.6703025014543339,0.7946480511925538,0.840023269342641,0.504153816344246,0.24433333333333335
192,452529.375,12.548123359680176,572.5398559570312,451637.53125,306.7548828125,0.6703025014543339,0.7931937172774869,0.8411867364746946,0.5077831256200397,0.24433333333333335
193,450409.0625,12.538565635681152,587.2023315429688,449503.0625,306.24041748046875,0.6701570680628273,0.7930482838859803,0.839586969168121,0.5025287388392857,0.244
194,448269.78125,12.529182434082031,567.2048950195312,447380.90625,309.1643981933594,0.6691390343222804,0.7915939499709134,0.8398778359511344,0.5039937686011905,0.24166666666666667
195,446160.40625,12.523653984069824,565.8297729492188,445272.28125,309.7803649902344,0.6694299011052938,0.7914485165794066,0.8403141361256544,0.5060464099702381,0.24233333333333335
196,444058.75,12.521806716918945,564.2340698242188,443177.34375,304.6462707519531,0.6701570680628273,0.7945026178010471,0.8411867364746946,0.5068843781001984,0.244
197,441970.78125,12.517704963684082,557.7991943359375,441095.53125,304.9436950683594,0.6698662012798139,0.7939208842350204,0.8406050029086678,0.5071838262648809,0.24333333333333335
198,439897.90625,12.510852813720703,555.82373046875,439025.28125,304.2826232910156,0.670738801628854,0.7961023851076207,0.8401687027341478,0.5065208023313492,0.24533333333333332
199,437842.34375,12.504189491271973,554.8267822265625,436967.96875,307.01763916015625,0.6704479348458406,0.7955206515415939,0.8404595695171612,0.5077565259176587,0.24466666666666667
200,435789.75,12.499064445495605,550.2141723632812,434923.8125,303.2178039550781,0.6713205351948808,0.7921756835369401,0.8394415357766143,0.5077962239583333,0.2466666666666667
201,433763.75,12.4931058883667,557.1447143554688,432892.40625,301.7140197753906,0.6704479348458406,0.7945026178010471,0.8404595695171612,0.5077107824900794,0.24466666666666667
202,431733.71875,12.487247467041016,543.46044921875,430872.8125,304.9770202636719,0.671175101803374,0.7920302501454334,0.8408958696916812,0.5083080977182539,0.24633333333333332
203,429718.40625,12.48408031463623,537.1853637695312,428865.59375,303.1507873535156,0.6704479348458406,0.7942117510180338,0.8413321698662013,0.5089847005208333,0.24466666666666667
204,427722.625,12.480880737304688,537.31640625,426871.125,301.6763000488281,0.670738801628854,0.7930482838859803,0.8410413030831879,0.5086776103670635,0.24533333333333332
205,425739.96875,12.47944450378418,539.74365234375,424888.59375,299.14892578125,0.6710296684118674,0.7953752181500873,0.8411867364746946,0.5104027002728175,0.246
206,423764.53125,12.46938705444336,529.5585327148438,422917.84375,304.6656799316406,0.6716114019778942,0.7962478184991274,0.8398778359511344,0.5083061135912699,0.24733333333333332
207,421802.0,12.467973709106445,530.604736328125,420959.1875,299.74884033203125,0.6724840023269343,0.7958115183246073,0.8406050029086678,0.5088746744791667,0.24933333333333332
208,419863.46875,12.462696075439453,536.8771362304688,419013.03125,301.0798645019531,0.6710296684118674,0.7945026178010471,0.8413321698662013,0.5114476531498016,0.246
209,417913.40625,12.4610013961792,525.3037109375,417078.03125,297.6322021484375,0.6721931355439209,0.7933391506689936,0.8401687027341478,0.5094716486855159,0.24866666666666667
210,415984.96875,12.455259323120117,517.5404052734375,415154.6875,300.2756652832031,0.6713205351948808,0.7942117510180338,0.841913903432228,0.5136791449652778,0.2466666666666667
211,414078.8125,12.452925682067871,526.8521728515625,413243.28125,296.2159118652344,0.6717568353694008,0.7934845840605003,0.8403141361256544,0.509791248139881,0.24766666666666667
212,412175.9375,12.450339317321777,523.1420288085938,411343.71875,296.6250915527344,0.6724840023269343,0.7939208842350204,0.839586969168121,0.5075334201388889,0.24933333333333332
213,410277.53125,12.499170303344727,514.935791015625,409455.0625,295.02398681640625,0.6743746364165212,0.7955206515415939,0.8429319371727748,0.5207796533978174,0.25366666666666665
214,408400.0,12.49635124206543,513.3931884765625,407577.59375,296.531982421875,0.6729203025014543,0.7945026178010471,0.837696335078534,0.503792488219246,0.25033333333333335
215,406528.65625,12.5175199508667,511.4954528808594,405711.9375,292.7046813964844,0.6724840023269343,0.7950843513670739,0.837260034904014,0.5023132905505953,0.24933333333333332
216,404670.96875,12.479898452758789,506.3291320800781,403857.8125,294.3385314941406,0.6694299011052938,0.7947934845840605,0.8384235020360675,0.5072144562251983,0.24233333333333335
217,402818.21875,12.462050437927246,501.21856689453125,402013.90625,290.6369323730469,0.6705933682373473,0.7927574171029669,0.8411867364746946,0.5142138361855159,0.245
218,400988.46875,12.474160194396973,501.8639831542969,400180.90625,293.2264404296875,0.6716114019778942,0.7946480511925538,0.8410413030831879,0.5151247209821429,0.24733333333333332
219,399162.125,12.471333503723145,498.54638671875,398358.90625,292.1827392578125,0.6713205351948808,0.7945026178010471,0.8411867364746946,0.5160103081597223,0.2466666666666667
220,397344.0,12.44491958618164,491.5563659667969,396548.40625,291.6041259765625,0.6704479348458406,0.7956660849331006,0.8392961023851077,0.5094552951388889,0.24466666666666667
221,395551.59375,12.45532512664795,502.7386779785156,394748.71875,287.6922302246094,0.6692844677137871,0.793630017452007,0.8385689354275742,0.5073333333333333,0.242
222,393758.34375,12.455022811889648,497.2066955566406,392959.1875,289.5044250488281,0.671175101803374,0.7943571844095404,0.8387143688190809,0.508220470610119,0.24633333333333332
223,391973.71875,12.439984321594238,492.60272216796875,391180.1875,288.4903869628906,0.6705933682373473,0.7942117510180338,0.8392961023851077,0.5103122209821429,0.245
224,390208.09375,12.434684753417969,495.5152282714844,389412.46875,287.6835632324219,0.6701570680628273,0.7945026178010471,0.8411867364746946,0.5139864056299603,0.244
225,388447.21875,12.445439338684082,493.5719299316406,387654.8125,286.3595886230469,0.671175101803374,0.7934845840605003,0.8417684700407213,0.5194918774801588,0.24633333333333332
226,386691.46875,12.41347599029541,486.0981750488281,385906.90625,286.05841064453125,0.6703025014543339,0.7965386852821408,0.8411867364746946,0.5155116722470238,0.24433333333333335
227,384949.0,12.41971206665039,481.8636474609375,384169.90625,284.8116149902344,0.6703025014543339,0.7956660849331006,0.8414776032577079,0.5149137369791666,0.24433333333333335
228,383215.0,12.423195838928223,474.9903564453125,382443.25,284.359375,0.6703025014543339,0.7933391506689936,0.839586969168121,0.5106662946428572,0.24433333333333335
229,381492.9375,12.415090560913086,471.6337585449219,380726.0625,282.80206298828125,0.6703025014543339,0.795956951716114,0.8392961023851077,0.5102138361855159,0.24433333333333335
230,379787.21875,12.403196334838867,468.75091552734375,379019.1875,286.8733825683594,0.6708842350203607,0.7952297847585805,0.8410413030831879,0.5160945870535715,0.24566666666666667
231,378085.5,12.397904396057129,466.339111328125,377322.53125,284.2304382324219,0.6700116346713205,0.7923211169284468,0.8404595695171612,0.5153551587301587,0.24366666666666667
232,376396.125,12.395803451538086,465.91436767578125,375635.9375,281.88909912109375,0.671175101803374,0.7947934845840605,0.841913903432228,0.516799308655754,0.24633333333333332
233,374712.1875,12.401071548461914,460.88360595703125,373959.09375,279.8019104003906,0.6716114019778942,0.7930482838859803,0.8423502036067481,0.5175872550843255,0.24733333333333332
234,373046.96875,12.379433631896973,461.36407470703125,372291.96875,281.244140625,0.6704479348458406,0.7930482838859803,0.8404595695171612,0.5164904978918651,0.24466666666666667
235,371386.46875,12.38207721710205,460.9501037597656,370634.53125,278.59588623046875,0.6700116346713205,0.7923211169284468,0.8416230366492147,0.5175760633680555,0.24366666666666667
236,369735.96875,12.381624221801758,457.6202697753906,368986.75,279.2323303222656,0.6719022687609075,0.794066317626527,0.8407504363001745,0.5138252573164682,0.248
237,368089.90625,12.379449844360352,451.53411865234375,367348.34375,277.6414489746094,0.6716114019778942,0.7946480511925538,0.8413321698662013,0.5158587239583333,0.24733333333333332
238,366460.5625,12.372716903686523,450.95245361328125,365719.5625,277.682861328125,0.6710296684118674,0.7929028504944735,0.8413321698662013,0.5199610150049603,0.246
239,364833.34375,12.365438461303711,444.1668395996094,364100.1875,276.6103820800781,0.6708842350203607,0.7934845840605003,0.8420593368237347,0.5178460286458333,0.24566666666666667
240,363228.96875,12.364760398864746,450.2687683105469,362490.1875,276.149658203125,0.6717568353694008,0.794066317626527,0.8420593368237347,0.5167955264136905,0.24766666666666667
241,361617.25,12.354755401611328,440.11907958984375,360889.375,275.39837646484375,0.6716114019778942,0.7949389179755671,0.841913903432228,0.5213595145089286,0.24733333333333332
242,360027.0625,12.351680755615234,441.98626708984375,359297.9375,274.77789306640625,0.6717568353694008,0.7943571844095404,0.8414776032577079,0.5191550874255952,0.24766666666666667
243,358437.59375,12.350726127624512,435.4054260253906,357715.875,273.9537353515625,0.6724840023269343,0.7950843513670739,0.8407504363001745,0.5179496682787699,0.24933333333333332
244,356863.8125,12.34738540649414,436.0182800292969,356142.46875,272.9802551269531,0.6724840023269343,0.7923211169284468,0.8414776032577079,0.5188401847718254,0.24933333333333332
245,355296.375,12.340882301330566,432.9491882324219,354578.03125,273.05596923828125,0.6726294357184409,0.7946480511925538,0.8422047702152414,0.5210092385912699,0.24966666666666668
246,353741.46875,12.336858749389648,434.580322265625,353022.875,271.6966857910156,0.6724840023269343,0.7955206515415939,0.8426410703897614,0.5225398685515873,0.24933333333333332
247,352186.15625,12.337876319885254,425.3443908691406,351476.5,271.974365234375,0.6739383362420012,0.7918848167539267,0.8420593368237347,0.5217470238095239,0.25266666666666665
248,350645.78125,12.337376594543457,423.83270263671875,349938.75,270.8603210449219,0.6721931355439209,0.794066317626527,0.8411867364746946,0.5238160187251985,0.24866666666666667
249,349115.9375,12.33743667602539,423.3126220703125,348410.1875,270.10931396484375,0.673065735892961,0.7945026178010471,0.8407504363001745,0.5181608537946428,0.25066666666666665
250,347596.46875,12.321756362915039,423.979736328125,346890.15625,270.0014343261719,0.675392670157068,0.7933391506689936,0.8422047702152414,0.5225035497271826,0.256
251,346082.34375,12.33249568939209,422.3396301269531,345378.5625,269.0922546386719,0.673065735892961,0.7949389179755671,0.8411867364746946,0.5231731460813492,0.25066666666666665
252,344578.25,12.337300300598145,421.2911682128906,343875.8125,268.8209228515625,0.675392670157068,0.7923211169284468,0.8413321698662013,0.5188502914186508,0.256
253,343079.03125,12.318806648254395,417.30645751953125,342381.5,267.9123229980469,0.6756835369400814,0.7952297847585805,0.8430773705642816,0.5264572482638888,0.25666666666666665
254,341591.125,12.313175201416016,415.98077392578125,340895.59375,267.2375793457031,0.6748109365910413,0.7965386852821408,0.841913903432228,0.5274192088293651,0.25466666666666665
255,340109.28125,12.309942245483398,411.5509948730469,339418.0,267.3943786621094,0.6755381035485748,0.7934845840605003,0.8423502036067481,0.5215702504960318,0.25633333333333336
256,338645.09375,12.313688278198242,417.6087951660156,337948.9375,266.20928955078125,0.6736474694589878,0.7952297847585805,0.8417684700407213,0.5270459449404762,0.252
257,337178.3125,12.308123588562012,412.24237060546875,336488.15625,265.6082458496094,0.6748109365910413,0.7918848167539267,0.8413321698662013,0.5248690631200397,0.25466666666666665
258,335722.625,12.310325622558594,409.5709533691406,335035.65625,265.0889587402344,0.6762652705061082,0.7921756835369401,0.8414776032577079,0.5211901351686508,0.258
259,334272.84375,12.3015775680542,404.8915100097656,333591.0,264.6424255371094,0.6759744037230948,0.7947934845840605,0.8429319371727748,0.5260023406498016,0.25733333333333336
260,332836.8125,12.297780990600586,405.57110595703125,332154.8125,264.12469482421875,0.6752472367655614,0.7952297847585805,0.841913903432228,0.5273860212053572,0.25566666666666665
261,331401.1875,12.302992820739746,398.72979736328125,330726.46875,263.6792297363281,0.6756835369400814,0.7913030831879,0.8413321698662013,0.5210611204117064,0.25666666666666665
262,329981.59375,12.298968315124512,399.9630126953125,329306.28125,263.0550842285156,0.6739383362420012,0.7943571844095404,0.8410413030831879,0.5267239893353175,0.25266666666666665
263,328567.03125,12.298932075500488,397.37835693359375,327893.8125,263.5174255371094,0.6767015706806283,0.7934845840605003,0.8417684700407213,0.525558609250992,0.259
264,327156.625,12.294736862182617,392.7596130371094,326489.5625,261.9874267578125,0.6762652705061082,0.793630017452007,0.8420593368237347,0.5243054005456349,0.258
265,325756.875,12.301761627197266,389.0605773925781,325093.09375,262.41094970703125,0.6743746364165212,0.7933391506689936,0.8422047702152414,0.5302541077628968,0.25366666666666665
266,324370.0625,12.298066139221191,392.8603515625,323704.09375,260.8205871582031,0.6743746364165212,0.7947934845840605,0.840023269342641,0.5211785094246032,0.25366666666666665
267,322989.6875,12.28574275970459,390.5870666503906,322323.0625,263.7628479003906,0.6751018033740547,0.7923211169284468,0.8414776032577079,0.5256039961557539,0.25533333333333336
268,321609.40625,12.287737846374512,386.36083984375,320949.53125,261.2342224121094,0.6743746364165212,0.7931937172774869,0.841913903432228,0.5300074249751984,0.25366666666666665
269,320244.03125,12.28991413116455,385.84039306640625,319584.09375,261.8255920410156,0.6780104712041884,0.79173938336242,0.8427865037812682,0.5270339161706349,0.262
270,318878.28125,12.279630661010742,380.718505859375,318225.9375,259.3526306152344,0.6762652705061082,0.793630017452007,0.8435136707388017,0.5326426866319445,0.258
271,317527.46875,12.279144287109375,378.8222351074219,316875.125,261.2629699707031,0.6764107038976149,0.7920302501454334,0.8411867364746946,0.5265908358134921,0.25833333333333336
272,316187.25,12.28834056854248,384.0950622558594,315531.96875,258.90557861328125,0.6761198371146016,0.7969749854566609,0.840023269342641,0.5214906684027778,0.25766666666666665
273,314850.6875,12.276419639587402,383.87640380859375,314196.34375,258.176025390625,0.6759744037230948,0.7956660849331006,0.841913903432228,0.5273440135168651,0.25733333333333336
274,313510.5625,12.273207664489746,372.4728088378906,312867.875,257.9463806152344,0.6774287376381617,0.7942117510180338,0.8426410703897614,0.5303691096230159,0.26066666666666666
275,312190.6875,12.273154258728027,374.6416015625,311547.125,256.6455993652344,0.6777196044211751,0.7969749854566609,0.8432228039557883,0.5287139601934524,0.2613333333333333
276,310874.75,12.279679298400879,372.7226867675781,310233.375,256.3861083984375,0.6756835369400814,0.7939208842350204,0.8417684700407213,0.5333902684771825,0.25666666666666665
277,309562.46875,12.270227432250977,367.897705078125,308926.53125,255.77989196777344,0.6799011052937755,0.7933391506689936,0.8414776032577079,0.5266058097718254,0.2663333333333333
278,308263.84375,12.275605201721191,367.9931945800781,307627.15625,256.3927001953125,0.6752472367655614,0.7953752181500873,0.8416230366492147,0.5250477430555556,0.25566666666666665
279,306970.40625,12.27529239654541,368.4755859375,306335.09375,254.5748291015625,0.6748109365910413,0.7956660849331006,0.8429319371727748,0.534957496279762,0.25466666666666665
280,305681.875,12.273883819580078,365.485595703125,305049.96875,254.1480255126953,0.680628272251309,0.794066317626527,0.8423502036067481,0.5271671316964286,0.268
281,304403.75,12.256351470947266,365.7148132324219,303771.59375,254.19979858398438,0.6756835369400814,0.7924665503199535,0.8422047702152414,0.5282079768105159,0.25666666666666665
282,303126.46875,12.262676239013672,360.58087158203125,302500.4375,253.18617248535156,0.6756835369400814,0.7939208842350204,0.8414776032577079,0.5337196180555556,0.25666666666666665
283,301858.46875,12.260589599609375,357.0014343261719,301236.5625,252.6444091796875,0.6794648051192553,0.7952297847585805,0.8423502036067481,0.5266617218501983,0.2653333333333333
284,300600.9375,12.244975090026855,357.80499267578125,299978.96875,251.91062927246094,0.6788830715532286,0.7946480511925538,0.8420593368237347,0.5309758649553572,0.264
285,299351.1875,12.246566772460938,358.7607116699219,298728.28125,251.90455627441406,0.6768470040721349,0.7943571844095404,0.8427865037812682,0.53340625,0.25933333333333336
286,298098.09375,12.245758056640625,350.4894104003906,297484.65625,250.67982482910156,0.6784467713787086,0.7934845840605003,0.8420593368237347,0.5294520709325397,0.263
287,296864.5625,12.243528366088867,354.28814697265625,296247.84375,250.187744140625,0.6772833042466551,0.794066317626527,0.8430773705642816,0.5324676959325396,0.26033333333333336
288,295630.0625,12.239997863769531,350.7044982910156,295017.375,249.74720764160156,0.6780104712041884,0.7942117510180338,0.8427865037812682,0.5326027250744048,0.262
289,294406.78125,12.242047309875488,351.6296081542969,293793.75,249.1466827392578,0.6800465386852821,0.7958115183246073,0.8435136707388017,0.5315899057539683,0.26666666666666666
290,293186.3125,12.237781524658203,348.8797912597656,292576.8125,248.37744140625,0.6767015706806283,0.7924665503199535,0.8423502036067481,0.5339319196428571,0.259
291,291978.5625,12.244660377502441,352.20819091796875,291366.34375,247.77760314941406,0.6777196044211751,0.7950843513670739,0.8432228039557883,0.5353475012400795,0.2613333333333333
292,290768.15625,12.242790222167969,345.37066650390625,290162.1875,248.34901428222656,0.6784467713787086,0.7931937172774869,0.8417684700407213,0.5308921130952381,0.263
293,289569.0,12.231636047363281,345.1883544921875,288964.875,246.70431518554688,0.6783013379872018,0.7942117510180338,0.841913903432228,0.5340184306795636,0.26266666666666666
294,288375.65625,12.23414134979248,343.0892333984375,287773.90625,246.4274444580078,0.680628272251309,0.794066317626527,0.8433682373472949,0.5306016555059524,0.268
295,287191.125,12.242655754089355,343.963623046875,286589.125,245.78717041015625,0.6765561372891216,0.7968295520651542,0.8432228039557883,0.5372270120287699,0.25866666666666666
296,286006.75,12.228157997131348,337.2814025878906,285410.90625,246.3587188720703,0.6800465386852821,0.7966841186736475,0.8426410703897614,0.5340118737599207,0.26666666666666666
297,284835.0625,12.226713180541992,339.0987243652344,284238.90625,244.84243774414062,0.6781559045956952,0.7952297847585805,0.8435136707388017,0.5337363901289682,0.2623333333333333
298,283665.75,12.225441932678223,335.4959411621094,283073.15625,244.888427734375,0.6784467713787086,0.7937754508435136,0.841913903432228,0.5306139477926587,0.263
299,282505.625,12.22594928741455,334.89642333984375,281913.5625,244.92665100097656,0.6801919720767888,0.7918848167539267,0.841913903432228,0.5345332496279762,0.267
