,total_loss,reconstruction_loss,proj_loss,pca_loss,accuracy,auc score,f1 score
0,58706.6015625,89.2270278930664,29306.34765625,29311.029296875,0.6676602839387662,0.617320458888235,0.26911111111111113
1,58379.8984375,79.68278503417969,29128.19140625,29172.0234375,0.6233011670792704,0.5336305135973612,0.17155555555555554
2,58053.53515625,68.6517562866211,28951.078125,29033.8046875,0.614409134542515,0.549531412338252,0.152
3,57730.640625,59.22903823852539,28775.02734375,28896.3828125,0.6178446925680796,0.566690947928246,0.15955555555555556
4,57411.3203125,51.523616790771484,28600.03125,28759.767578125,0.6384580407214672,0.5730263155982767,0.2048888888888889
5,57096.5625,46.47052001953125,28426.09375,28623.998046875,0.6386601323700298,0.5391406089932214,0.2053333333333333
6,56784.8046875,42.526756286621094,28253.203125,28489.072265625,0.633506795331683,0.5247450322224402,0.194
7,56476.265625,39.88275909423828,28081.37109375,28355.009765625,0.6300712373061184,0.502594905439671,0.18644444444444444
8,56170.1796875,37.77156448364258,27910.591796875,28221.81640625,0.6237053503763957,0.47219321839330997,0.17244444444444446
9,55866.3125,35.929664611816406,27740.865234375,28089.515625,0.6194614257565806,0.4435476434389009,0.16311111111111112
10,55564.7265625,34.43603515625,27572.19140625,27958.1015625,0.6177436467437983,0.4209529123709468,0.15933333333333333
11,55265.375,33.21708679199219,27404.57421875,27827.5859375,0.6155206386096095,0.4068089685186397,0.15444444444444444
12,54968.28515625,32.29294204711914,27238.009765625,27697.982421875,0.6147122720153589,0.3985424631458111,0.15266666666666667
13,54673.04296875,31.256986618041992,27072.501953125,27569.283203125,0.6140049512453898,0.39073566700814466,0.1511111111111111
14,54379.8359375,30.281137466430664,26908.05078125,27441.50390625,0.614409134542515,0.3903602664981074,0.152
15,54088.7421875,29.449047088623047,26744.650390625,27314.642578125,0.6126913555297328,0.38695416203491795,0.14822222222222223
16,53799.640625,28.640010833740234,26582.306640625,27188.69140625,0.613095538826858,0.38430423505307443,0.1491111111111111
17,53512.40625,27.724056243896484,26421.015625,27063.66796875,0.612792401354014,0.38317761939013495,0.14844444444444443
18,53227.2265625,26.890430450439453,26260.775390625,26939.560546875,0.6106704390441065,0.38145840144728527,0.14377777777777778
19,52944.1875,26.231042861938477,26101.58984375,26816.369140625,0.6081442934370737,0.3755370140296577,0.13822222222222222
20,52663.09375,25.540822982788086,25943.455078125,26694.095703125,0.6062244227757287,0.3699266548965758,0.134
21,52383.78515625,24.685176849365234,25786.3671875,26572.732421875,0.6048097812357904,0.3657133546938686,0.1308888888888889
22,52106.6171875,24.007991790771484,25630.328125,26452.279296875,0.6046076895872278,0.35957320342640425,0.13044444444444445
23,51831.234375,23.17464828491211,25475.333984375,26332.728515625,0.6055171020057596,0.35858257590618803,0.13244444444444445
24,51557.8984375,22.43233299255371,25321.388671875,26214.080078125,0.6050118728843531,0.3578697007345409,0.13133333333333333
25,51286.59375,21.785526275634766,25168.482421875,26096.32421875,0.6051129187086344,0.3605724187536782,0.13155555555555556
26,51017.078125,21.006546020507812,25016.61328125,25979.45703125,0.6059212853028848,0.36483205824015347,0.13333333333333333
27,50749.41796875,20.165189743041992,24865.779296875,25863.47265625,0.608245339261355,0.3670501391340991,0.13844444444444445
28,50483.7265625,19.384801864624023,24715.982421875,25748.361328125,0.608245339261355,0.36522392234646206,0.13844444444444445
29,50219.76953125,18.43955421447754,24567.212890625,25634.1171875,0.6087505683827615,0.36659899590953016,0.13955555555555554
30,49957.90625,17.69664192199707,24419.470703125,25520.736328125,0.6119840347597636,0.3710507058421791,0.14666666666666667
31,49697.8828125,16.9257755279541,24272.75390625,25408.203125,0.6164300510281413,0.3884606537486286,0.15644444444444444
32,49439.5390625,15.971031188964844,24127.0546875,25296.515625,0.6146112261910777,0.37404709489454147,0.15244444444444444
33,49183.00390625,14.969164848327637,23982.373046875,25185.662109375,0.6159248219067347,0.3801477146406853,0.15533333333333332
34,48928.1875,13.853494644165039,23838.703125,25075.6328125,0.6202697923508311,0.39497635810138265,0.1648888888888889
35,48675.17578125,12.710183143615723,23696.04296875,24966.421875,0.6200677007022685,0.4025825323132588,0.16444444444444445
36,48424.2265625,11.816560745239258,23554.38671875,24858.021484375,0.6429040569898449,0.43505468732971514,0.21466666666666664
37,48176.01953125,11.87343978881836,23413.73046875,24750.416015625,0.6261304501591471,0.44120665228100003,0.17777777777777778
38,47928.06640625,10.3962984085083,23274.0703125,24643.599609375,0.6360329409387158,0.45216782551203527,0.19955555555555557
39,47682.3515625,9.39124870300293,23135.400390625,24537.5625,0.643914515232658,0.46117381953980396,0.21688888888888888
40,47438.8671875,8.852622032165527,22997.71484375,24432.298828125,0.6689738796544232,0.5545325602853883,0.272
41,47197.2578125,8.451414108276367,22861.009765625,24327.794921875,0.6788763704339918,0.5587589819597929,0.2937777777777778
42,46957.77734375,8.452813148498535,22725.28125,24224.04296875,0.6792805537311171,0.5595534703604409,0.2946666666666667
43,46720.109375,8.557066917419434,22590.5234375,24121.03125,0.691911281766281,0.579109440048824,0.3224444444444444
44,46484.1328125,8.6497163772583,22456.728515625,24018.751953125,0.6862527156065276,0.5705081119175803,0.31
45,46249.7421875,8.651945114135742,22323.89453125,23917.197265625,0.6789774162582731,0.5554542455880324,0.294
46,46017.0,8.62645435333252,22192.015625,23816.35546875,0.6844338907694639,0.5691505409155968,0.306
47,45785.85546875,8.55433464050293,22061.083984375,23716.216796875,0.6657404132774213,0.5330746383603246,0.2648888888888889
48,45556.3671875,8.497137069702148,21931.09375,23616.77734375,0.6689738796544232,0.541604495884101,0.272
49,45328.4609375,8.399174690246582,21802.0390625,23518.025390625,0.6735209417470823,0.5466894149102349,0.282
50,45102.171875,8.30317211151123,21673.916015625,23419.953125,0.6676602839387662,0.5364199597491953,0.26911111111111113
51,44877.4609375,8.19669246673584,21546.712890625,23322.55078125,0.6731167584499571,0.5478333006386364,0.2811111111111111
52,44654.32421875,8.086081504821777,21420.427734375,23225.810546875,0.6736219875713636,0.5480983747102887,0.2822222222222222
53,44432.72265625,7.940490245819092,21295.05859375,23129.72265625,0.6764512706512403,0.5527417627527481,0.28844444444444445
54,44212.671875,7.800780296325684,21170.587890625,23034.283203125,0.6749355832870206,0.5512746717815703,0.2851111111111111
55,43994.15625,7.65374755859375,21047.01953125,22939.48046875,0.6762491790026777,0.5536553470360441,0.288
56,43777.15234375,7.503856182098389,20924.33984375,22845.30859375,0.6957510230889709,0.58688083146247,0.3308888888888889
57,43561.63671875,7.3306660652160645,20802.548828125,22751.7578125,0.6799878745010862,0.559474240211571,0.2962222222222222
58,43347.6484375,7.188869476318359,20681.634765625,22658.822265625,0.6694791087758298,0.5416216932946809,0.27311111111111114
59,43135.09765625,7.01080846786499,20561.58984375,22566.49609375,0.6636184509675138,0.5310330507058422,0.26022222222222224
60,42924.00390625,6.822947025299072,20442.4140625,22474.767578125,0.6731167584499571,0.5466942682563555,0.2811111111111111
61,42714.37109375,6.643574237823486,20324.095703125,22383.630859375,0.6768554539483655,0.5527165442431904,0.28933333333333333
62,42506.1640625,6.45341157913208,20206.630859375,22293.08203125,0.6677613297630476,0.5345412134818399,0.2693333333333333
63,42299.390625,6.268205642700195,20090.009765625,22203.111328125,0.6741272166927702,0.5509900680776245,0.2833333333333333
64,42094.03125,6.089641571044922,19974.23046875,22113.7109375,0.6891830445106856,0.5770016420003342,0.3164444444444444
65,41890.09375,5.9296770095825195,19859.28125,22024.880859375,0.6806951952710554,0.5619408225985745,0.29777777777777775
66,41687.4921875,5.727499961853027,19745.16015625,21936.607421875,0.6822108826352751,0.5643852743085072,0.3011111111111111
67,41486.359375,5.619442939758301,19631.85546875,21848.88671875,0.7002980851816298,0.600312713877809,0.3408888888888889
68,41286.640625,5.5622029304504395,19519.36328125,21761.712890625,0.6968625271560652,0.5980989414183686,0.3333333333333333
69,41088.1875,5.433852672576904,19407.677734375,21675.078125,0.6449249734754712,0.5171305608230345,0.21911111111111112
70,40891.515625,5.7442946434021,19296.7890625,21588.98046875,0.6496741272166928,0.537832218080894,0.22955555555555557
71,40695.76171875,5.6529154777526855,19186.69921875,21503.41015625,0.6421967362198757,0.5393612328080386,0.21311111111111108
72,40501.1640625,5.409893035888672,19077.388671875,21418.365234375,0.6104683473955439,0.4912453337402007,0.14333333333333334
73,40308.1328125,5.429385185241699,18968.86328125,21333.837890625,0.6313848330217754,0.5090838001409504,0.18933333333333333
74,40116.22265625,5.291408538818359,18861.109375,21249.822265625,0.6247158086192088,0.49684820942043206,0.17466666666666666
75,39925.6875,5.251184940338135,18754.12109375,21166.3125,0.6305764664275249,0.5073414852110988,0.18755555555555556
76,39736.3125,5.111847400665283,18647.89453125,21083.306640625,0.608548476734199,0.46693574402231963,0.1391111111111111
77,39548.2890625,5.072415828704834,18542.419921875,21000.794921875,0.6087505683827615,0.4741578064038013,0.13955555555555554
78,39361.4375,4.969418048858643,18437.693359375,20918.77734375,0.6126913555297328,0.47201256929459373,0.14822222222222223
79,39175.66015625,4.702486038208008,18333.708984375,20837.248046875,0.6052139645329156,0.49257605149778044,0.13177777777777777
80,38991.15625,4.4977240562438965,18230.45703125,20756.201171875,0.6087505683827615,0.49464137550222687,0.13955555555555554
81,38807.859375,4.293437957763672,18127.93359375,20675.630859375,0.6080432476127924,0.48730220071637714,0.138
82,38625.7265625,4.064365386962891,18026.12890625,20595.53515625,0.6081442934370737,0.50293469052653,0.13822222222222222
83,38444.83984375,3.886122941970825,17925.04296875,20515.91015625,0.6142070428939524,0.4758754913286398,0.15155555555555555
84,38265.12109375,3.7086868286132812,17824.6640625,20436.748046875,0.612792401354014,0.4963671396499488,0.14844444444444443
85,38086.62890625,3.5922133922576904,17724.98828125,20358.048828125,0.6131965846511392,0.4957207872883018,0.14933333333333335
86,37909.2890625,3.472395896911621,17626.009765625,20279.806640625,0.6115798514626383,0.4902109025915996,0.14577777777777778
87,37733.10546875,3.372000217437744,17527.720703125,20202.013671875,0.6152175011367655,0.49067158540218114,0.1537777777777778
88,37558.3671875,3.5813753604888916,17430.1171875,20124.669921875,0.6429040569898449,0.49449299970211497,0.21466666666666664
89,37384.24609375,3.2786409854888916,17333.1953125,20047.771484375,0.6120850805840449,0.49257595704643375,0.1468888888888889
90,37211.64453125,3.386270523071289,17236.943359375,19971.314453125,0.6301722831303996,0.465937749297064,0.18666666666666668
91,37039.9375,3.284095287322998,17141.361328125,19895.291015625,0.6229980296064265,0.4801159063333261,0.1708888888888889
92,36869.453125,3.316720962524414,17046.4375,19819.701171875,0.6319911079674633,0.477547541722066,0.19066666666666668
93,36699.828125,3.1150333881378174,16952.171875,19744.541015625,0.6235032587278331,0.49808818849582603,0.172
94,36531.6484375,3.2897796630859375,16858.556640625,19669.8046875,0.662709038548982,0.5251072313404099,0.25822222222222224
95,36364.3671875,3.287489414215088,16765.5859375,19595.4921875,0.6721063002071439,0.549973030507785,0.2788888888888889
96,36198.20703125,3.3577868938446045,16673.25390625,19521.595703125,0.639367453139999,0.5101831411611704,0.2068888888888889
97,36033.390625,3.71641206741333,16581.5546875,19448.1171875,0.6985803061688476,0.5885290074616565,0.3371111111111111
98,35869.66015625,4.133107662200928,16490.482421875,19375.044921875,0.654625372606477,0.5390947710281393,0.24044444444444443
99,35706.578125,4.161129474639893,16400.03515625,19302.384765625,0.6807962410953368,0.5690164635962714,0.298
100,35544.7421875,4.410332679748535,16310.205078125,19230.125,0.6820087909867125,0.5764291869192151,0.3006666666666667
101,35383.546875,4.2943243980407715,16220.9873046875,19158.267578125,0.691911281766281,0.5895941716253623,0.3224444444444444
102,35223.5625,4.372723579406738,16132.3759765625,19086.8125,0.6835244783509321,0.5809871110239253,0.304
103,35065.03125,4.920938014984131,16044.365234375,19015.74609375,0.7011064517758804,0.6119212130459106,0.3426666666666667
104,34906.640625,4.610321998596191,15956.9521484375,18945.076171875,0.6671550548173597,0.5561282068048562,0.268
105,34749.58203125,4.657754421234131,15870.1298828125,18874.79296875,0.664022634264639,0.5682741196044668,0.2611111111111111
106,34593.4375,4.647691249847412,15783.892578125,18804.896484375,0.6955489314404082,0.6014540494198508,0.33044444444444443
107,34438.2734375,4.656407833099365,15698.236328125,18735.3828125,0.6499772646895368,0.5404313810966528,0.23022222222222222
108,34284.01953125,4.615018844604492,15613.1572265625,18666.248046875,0.6510887687566311,0.5234355369559057,0.23266666666666666
109,34130.73046875,4.591246604919434,15528.6474609375,18597.4921875,0.6569494265649473,0.5529533773621919,0.24555555555555555
110,33978.5625,4.746235370635986,15444.705078125,18529.109375,0.6623048552518567,0.557224380072219,0.25733333333333336
111,33827.0703125,4.648165702819824,15361.322265625,18461.1015625,0.643611377759814,0.5272327135871895,0.21622222222222226
112,33677.125,5.170356750488281,15278.498046875,18393.458984375,0.6976708937503158,0.6004130793318657,0.33511111111111114
113,33527.3828125,4.972761631011963,15196.2255859375,18326.18359375,0.689284090334967,0.5945574591134651,0.31666666666666665
114,33378.55859375,4.785201549530029,15114.4990234375,18259.2734375,0.694841610670439,0.5890409773534733,0.3288888888888889
115,33230.578125,4.539606094360352,15033.3154296875,18192.720703125,0.6174405092709544,0.5138498150933252,0.15866666666666668
116,33084.20703125,5.007503509521484,14952.6689453125,18126.529296875,0.7155560046481079,0.6223081220892638,0.37444444444444447
117,32938.3046875,5.055892467498779,14872.556640625,18060.693359375,0.6945384731975951,0.6118913954823194,0.32822222222222225
118,32794.25,6.0692667961120605,14792.9736328125,17995.208984375,0.7183852877279846,0.6247742830779515,0.38066666666666665
119,32649.580078125,5.590687274932861,14713.9150390625,17930.07421875,0.713332996513919,0.6157557342865654,0.3695555555555556
120,32506.4140625,5.750019550323486,14635.3759765625,17865.2890625,0.6633153134946699,0.5505447009161781,0.25955555555555554
121,32365.162109375,6.9602131843566895,14557.3525390625,17800.849609375,0.7202041125650482,0.6249131919469328,0.38466666666666666
122,32223.8125,7.216817378997803,14479.8427734375,17736.751953125,0.7158591421209518,0.6261276255657999,0.3751111111111111
123,32084.6328125,8.798562049865723,14402.8388671875,17672.99609375,0.7279846410347093,0.6317486213736132,0.4017777777777778
124,31943.1640625,7.248397350311279,14326.3388671875,17609.576171875,0.7091901177183852,0.6030844322384243,0.36044444444444446
125,31803.68359375,6.852731227874756,14250.3359375,17546.49609375,0.712019400798262,0.6101670045118682,0.36666666666666664
126,31667.345703125,8.770553588867188,14174.8291015625,17483.74609375,0.7228313039963623,0.6235051330674165,0.3904444444444444
127,31528.296875,7.155539512634277,14099.8125,17421.328125,0.685747486485121,0.5801632409889783,0.3088888888888889
128,31391.791015625,7.269959449768066,14025.283203125,17359.23828125,0.6384580407214672,0.5103111082049159,0.2048888888888889
129,31256.06640625,7.352135181427002,13951.236328125,17297.4765625,0.6663466882231092,0.5604156513146901,0.26622222222222225
130,31120.94921875,7.242526531219482,13877.6669921875,17236.041015625,0.6209771131208003,0.46727748352550547,0.16644444444444445
131,30986.447265625,6.949003219604492,13804.572265625,17174.92578125,0.6174405092709544,0.4560413478933717,0.15866666666666668
132,30852.89453125,6.8152265548706055,13731.9501953125,17114.12890625,0.6166321426767039,0.4511555686334343,0.15688888888888888
133,30719.96484375,6.516942977905273,13659.794921875,17053.65234375,0.6133986762997019,0.45021703466364427,0.1497777777777778
134,30587.755859375,6.163444519042969,13588.1005859375,16993.4921875,0.6148133178396403,0.48227240494925055,0.15288888888888888
135,30456.646484375,6.135833740234375,13516.8662109375,16933.64453125,0.6441166068812206,0.5189583760180765,0.21733333333333332
136,30325.99609375,5.798388957977295,13446.087890625,16874.109375,0.6214823422422069,0.4811577264834311,0.16755555555555557
137,30196.201171875,5.559735298156738,13375.7607421875,16814.880859375,0.6201687465265497,0.4909983144067366,0.16466666666666666
138,30067.357421875,5.513840675354004,13305.8828125,16755.9609375,0.6465417066639721,0.4994082695786744,0.22266666666666668
139,29939.26171875,5.464153289794922,13236.44921875,16697.34765625,0.6492699439195675,0.5155927039967451,0.22866666666666666
140,29812.0390625,5.543407917022705,13167.4560546875,16639.0390625,0.6229980296064265,0.4566268299948415,0.1708888888888889
141,29685.494140625,5.561831474304199,13098.9013671875,16581.03125,0.6508866771080685,0.4833453431853353,0.23222222222222222
142,29559.32421875,5.220414638519287,13030.7802734375,16523.322265625,0.6408831405042187,0.4813164047458169,0.21022222222222223
143,29434.318359375,5.3202362060546875,12963.08984375,16465.908203125,0.6452281109483151,0.49220671040490566,0.21977777777777777
144,29309.638671875,5.020424842834473,12895.8271484375,16408.791015625,0.664325771737483,0.5397505394624992,0.2617777777777778
145,29186.34375,5.384426116943359,12828.9892578125,16351.96875,0.6543222351336331,0.5103184754099551,0.23977777777777778
146,29063.734375,5.727779865264893,12762.5712890625,16295.4345703125,0.6580609306320416,0.5208708632126535,0.248
147,28941.060546875,5.297642230987549,12696.5693359375,16239.193359375,0.6480573940281917,0.5084156876421311,0.226
148,28819.470703125,5.250524520874023,12630.982421875,16183.2373046875,0.6459354317182843,0.4910288730501246,0.22133333333333333
149,28698.890625,5.516305923461914,12565.806640625,16127.568359375,0.6475521649067852,0.49781887864455054,0.22488888888888886
150,28578.33203125,5.108601093292236,12501.0390625,16072.18359375,0.6398726822614056,0.49545518283601064,0.208
151,28458.896484375,5.144443511962891,12436.6728515625,16017.0791015625,0.6444197443540646,0.497617646417751,0.218
152,28340.03125,5.066218852996826,12372.7099609375,15962.2548828125,0.6423988278684384,0.5016342335273218,0.21355555555555555
153,28221.75,4.897893905639648,12309.1455078125,15907.7080078125,0.6313848330217754,0.4904883715861287,0.18933333333333333
154,28104.43359375,5.018185138702393,12245.9765625,15853.439453125,0.6433082402869701,0.4956797009525055,0.21555555555555556
155,27988.154296875,5.5109758377075195,12183.19921875,15799.4443359375,0.6317890163189006,0.4849869221212319,0.1902222222222222
156,27872.23046875,5.69962215423584,12120.810546875,15745.7216796875,0.650381447986662,0.4987129550920174,0.2311111111111111
157,27756.439453125,5.3598809242248535,12058.80859375,15692.2705078125,0.638053857424342,0.48222378430218615,0.204
158,27642.015625,5.74090576171875,11997.1875,15639.087890625,0.6310816955489315,0.46065678560270856,0.18866666666666665
159,27527.77734375,5.6560187339782715,11935.9482421875,15586.1728515625,0.6363360784115596,0.4705243212217645,0.20022222222222222
160,27414.1015625,5.489794731140137,11875.087890625,15533.5234375,0.6405800030313747,0.4834764198580324,0.20955555555555552
161,27301.21875,5.480268955230713,11814.6005859375,15481.138671875,0.633506795331683,0.4714525745257453,0.194
162,27189.271484375,5.772915840148926,11754.486328125,15429.0126953125,0.6399737280856869,0.4761782151601677,0.20822222222222223
163,27077.40625,5.516136646270752,11694.73828125,15377.150390625,0.6359318951144344,0.47363982795323933,0.19933333333333333
164,26966.34765625,5.444193363189697,11635.3583984375,15325.5439453125,0.629667054008993,0.4688879516409105,0.18555555555555556
165,26856.03125,5.494489669799805,11576.3408203125,15274.1962890625,0.6341130702773707,0.4747757725030334,0.19533333333333333
166,26746.484375,5.697843551635742,11517.6845703125,15223.1015625,0.6415904612741878,0.49563163248254466,0.2117777777777778
167,26637.6953125,6.046792030334473,11459.3857421875,15172.2626953125,0.6442176527055019,0.49756032898130587,0.21755555555555556
168,26528.9921875,5.875059127807617,11401.443359375,15121.673828125,0.647451119082504,0.49413891613446964,0.22466666666666665
169,26421.54296875,6.354532718658447,11343.8525390625,15071.3349609375,0.6531096852422573,0.5089975660614515,0.2371111111111111
170,26313.765625,5.909697532653809,11286.611328125,15021.244140625,0.6429040569898449,0.489186112745846,0.21466666666666664
171,26207.234375,6.11423921585083,11229.7197265625,14971.4013671875,0.6496741272166928,0.5048804681880599,0.22955555555555557
172,26100.546875,5.575225353240967,11173.1728515625,14921.7998046875,0.6646289092103269,0.5288918532080764,0.2624444444444444
173,25995.03125,5.6166791915893555,11116.9677734375,14872.4462890625,0.664022634264639,0.5131831702231231,0.2611111111111111
174,25889.71484375,5.278966903686523,11061.1025390625,14823.3330078125,0.6538170060122266,0.5267319325472075,0.23866666666666667
175,25784.859375,4.827400207519531,11005.5751953125,14774.4580078125,0.6449249734754712,0.5061697218044566,0.21911111111111112
176,25681.0,4.793320178985596,10950.380859375,14725.826171875,0.6508866771080685,0.5062114910961442,0.23222222222222222
177,25577.75,4.802394866943359,10895.5205078125,14677.427734375,0.6871621280250594,0.5782701962408364,0.312
178,25474.94140625,4.684355735778809,10840.990234375,14629.265625,0.6473500732582226,0.5096858693519911,0.22444444444444445
179,25372.609375,4.483598709106445,10786.7861328125,14581.3388671875,0.6566462890921033,0.5234921641709716,0.24488888888888888
180,25271.40625,4.856403350830078,10732.9091796875,14533.6416015625,0.6522002728237256,0.5207566134106381,0.2351111111111111
181,25169.73828125,4.206289291381836,10679.3544921875,14486.1767578125,0.6320921537917445,0.5071290060085587,0.19088888888888889
182,25069.3515625,4.287637710571289,10626.1220703125,14438.9404296875,0.6496741272166928,0.5219494685295378,0.22955555555555557
183,24968.865234375,3.7271761894226074,10573.20703125,14391.9306640625,0.6599808012933865,0.5358691703539019,0.25222222222222224
184,24869.458984375,3.7052879333496094,10520.6083984375,14345.1455078125,0.6378517657757793,0.5014165304387628,0.20355555555555555
185,24770.431640625,3.5182931423187256,10468.32421875,14298.5888671875,0.682817157580963,0.5731804819924875,0.30244444444444446
186,24671.97265625,3.3704166412353516,10416.3515625,14252.2509765625,0.6786742787854292,0.5756337249431476,0.29333333333333333
187,24574.31640625,3.490232467651367,10364.689453125,14206.1357421875,0.6242105794978022,0.4831432681619041,0.17355555555555555
188,24477.0234375,3.450395107269287,10313.33203125,14160.2412109375,0.6767544081240843,0.5653108103198995,0.2891111111111111
189,24380.01171875,3.16232967376709,10262.283203125,14114.5654296875,0.6204718839993937,0.483851406235242,0.16533333333333333
190,24283.505859375,2.8650150299072266,10211.5361328125,14069.1044921875,0.6588692972262922,0.5368765666208941,0.24977777777777777
191,24187.6484375,2.6991593837738037,10161.08984375,14023.8603515625,0.6630121760218259,0.5471859093121763,0.2588888888888889
192,24092.435546875,2.663360834121704,10110.9443359375,13978.828125,0.7141413631081696,0.6247755327419225,0.37133333333333335
193,23998.021484375,2.919296979904175,10061.09375,13934.0087890625,0.7051482847471329,0.6119179726381714,0.35155555555555557
194,23903.32421875,2.3845760822296143,10011.5380859375,13889.4013671875,0.6761481331783964,0.5532819082078221,0.2877777777777778
195,23809.498046875,2.21882700920105,9962.2763671875,13845.0029296875,0.667256100641641,0.5404747560612335,0.2682222222222222
196,23716.3515625,2.2356882095336914,9913.3046875,13800.8125,0.6583640681048856,0.5294231638294935,0.24866666666666667
197,23623.60546875,2.157553195953369,9864.6220703125,13756.8271484375,0.6836255241752135,0.5717201479253398,0.3042222222222222
198,23531.400390625,2.1262621879577637,9816.224609375,13713.0498046875,0.6667508715202344,0.5411906827379266,0.26711111111111113
199,23439.673828125,2.0841073989868164,9768.1142578125,13669.4755859375,0.6651341383317334,0.5378004461009758,0.26355555555555554
200,23348.51953125,2.132380962371826,9720.2861328125,13626.1015625,0.6572525640377911,0.5285357934276393,0.24622222222222223
201,23257.8515625,2.181159734725952,9672.73828125,13582.9306640625,0.6856464406608397,0.5740871495310128,0.30866666666666664
202,23167.58984375,2.1633946895599365,9625.470703125,13539.95703125,0.67796695801546,0.5648846603747539,0.2917777777777778
203,23077.7109375,2.0454626083374023,9578.48046875,13497.18359375,0.6667508715202344,0.5473115731961609,0.26711111111111113
204,22988.26171875,1.8939313888549805,9531.763671875,13454.60546875,0.6712979336128935,0.5551728314334081,0.2771111111111111
205,22899.615234375,2.0698041915893555,9485.3212890625,13412.224609375,0.6694791087758298,0.5481415462411997,0.27311111111111114
206,22811.36328125,2.1764142513275146,9439.1494140625,13370.037109375,0.6611933511847623,0.5352774544635527,0.2548888888888889
207,22723.341796875,2.050266981124878,9393.2490234375,13328.04296875,0.6513919062294751,0.5226678582067322,0.23333333333333334
208,22635.8203125,1.966246247291565,9347.6142578125,13286.240234375,0.664022634264639,0.5438416922775126,0.2611111111111111
209,22548.7109375,1.8382216691970825,9302.24609375,13244.6279296875,0.6728136209771132,0.5586410194933049,0.28044444444444444
210,22462.1640625,1.8155474662780762,9257.1416015625,13203.2060546875,0.6736219875713636,0.5593729084475831,0.2822222222222222
211,22376.080078125,1.810932993888855,9212.2998046875,13161.9697265625,0.6740261708684888,0.5598328792403205,0.2831111111111111
212,22290.46484375,1.8252729177474976,9167.71875,13120.9208984375,0.6738240792199263,0.5595670277614304,0.2826666666666667
213,22205.27734375,1.8229727745056152,9123.396484375,13080.05859375,0.6751376749355833,0.5587647725538918,0.28555555555555556
214,22120.5,1.7905997037887573,9079.33203125,13039.3779296875,0.6754408124084272,0.5602557015918684,0.2862222222222222
215,22036.1796875,1.7775373458862305,9035.5224609375,12998.880859375,0.678270095488304,0.5635270312488647,0.29244444444444445
216,21952.32421875,1.7940776348114014,8991.9658203125,12958.564453125,0.6771585914212095,0.5621860618874286,0.29
217,21869.01953125,1.9281034469604492,8948.6630859375,12918.4287109375,0.6720052543828626,0.5555699339567122,0.2786666666666667
218,21786.095703125,2.0144920349121094,8905.609375,12878.4716796875,0.6802910119739302,0.5652650813371404,0.29688888888888887
219,21703.3125,1.8138309717178345,8862.8056640625,12838.6923828125,0.6806951952710554,0.5688275681684432,0.29777777777777775
220,21621.08203125,1.744186282157898,8820.248046875,12799.08984375,0.6932248774819381,0.5929513284945183,0.3253333333333333
221,21539.36328125,1.7642561197280884,8777.935546875,12759.662109375,0.6867579447279342,0.577563177052682,0.3111111111111111
222,21458.048828125,1.7722899913787842,8735.8671875,12720.4091796875,0.6834234325266508,0.5732120360077595,0.30377777777777776
223,21377.1015625,1.7327333688735962,8694.041015625,12681.3291015625,0.6794826453796797,0.5679283477553274,0.2951111111111111
224,21296.6015625,1.7235019207000732,8652.4560546875,12642.4208984375,0.6802910119739302,0.5701980354119895,0.29688888888888887
225,21216.51171875,1.720215916633606,8611.1083984375,12603.68359375,0.6829182034052442,0.5740866554778148,0.30266666666666664
226,21136.921875,1.8085438013076782,8569.9990234375,12565.115234375,0.680897286919618,0.5669305927911826,0.2982222222222222
227,21057.5703125,1.7284938097000122,8529.125,12526.716796875,0.6845349365937453,0.5778860335520245,0.30622222222222223
228,20978.6953125,1.7267566919326782,8488.4853515625,12488.484375,0.6858485323094023,0.5780094015417366,0.3091111111111111
229,20900.3046875,1.8088184595108032,8448.0791015625,12450.41796875,0.6799878745010862,0.5652722378430218,0.2962222222222222
230,20822.45703125,2.039433002471924,8407.90234375,12412.5166015625,0.7180821502551407,0.643520325203252,0.38
231,20744.634765625,1.897119164466858,8367.9560546875,12374.78125,0.7000959935330673,0.5950555737192761,0.34044444444444444
232,20667.23828125,1.793946623802185,8328.2373046875,12337.20703125,0.6760470873541151,0.5589387955273655,0.28755555555555556
233,20590.26171875,1.7203757762908936,8288.74609375,12299.794921875,0.6804931036224928,0.5651056765259342,0.29733333333333334
234,20513.93359375,1.9106117486953735,8249.478515625,12262.5439453125,0.7139392714596069,0.6197480038071157,0.3708888888888889
235,20437.798828125,1.9115760326385498,8210.4345703125,12225.453125,0.6861516697822463,0.5762478766610721,0.30977777777777776
236,20361.837890625,1.7036895751953125,8171.61328125,12188.521484375,0.6844338907694639,0.5735997951132327,0.306
237,20286.46484375,1.705785870552063,8133.0126953125,12151.7470703125,0.6937301066033447,0.5930061756649738,0.3264444444444444
238,20211.45703125,1.696236252784729,8094.630859375,12115.1298828125,0.6842317991209014,0.5711333653014814,0.3055555555555556
239,20136.822265625,1.687944769859314,8056.466796875,12078.66796875,0.6955489314404082,0.5960274926073658,0.33044444444444443
240,20062.5859375,1.7072926759719849,8018.51904296875,12042.359375,0.6806951952710554,0.5654992916149001,0.29777777777777775
241,19988.685546875,1.6928420066833496,7980.78564453125,12006.20703125,0.6833223867023696,0.5703335222360266,0.3035555555555556
242,19915.15625,1.6850833892822266,7943.26611328125,11970.2060546875,0.6816046076895872,0.5685981095199693,0.29977777777777775
243,19842.0,1.6841312646865845,7905.95849609375,11934.357421875,0.6928206941848128,0.5945462266687009,0.3244444444444444
244,19769.20703125,1.6873294115066528,7868.861328125,11898.658203125,0.6805941494467741,0.5671278943888635,0.2975555555555556
245,19696.765625,1.682194709777832,7831.97412109375,11863.109375,0.6966604355075027,0.5983369297499945,0.3328888888888889
246,19624.681640625,1.6782317161560059,7795.294921875,11827.708984375,0.6821098368109938,0.5713394436089133,0.3008888888888889
247,19552.958984375,1.6790306568145752,7758.822265625,11792.4580078125,0.6821098368109938,0.5713181629939623,0.3008888888888889
248,19481.75,1.842136025428772,7722.5546875,11757.3525390625,0.6622038094275754,0.5367199735536229,0.2571111111111111
249,19410.55859375,1.6753820180892944,7686.490234375,11722.3935546875,0.6845349365937453,0.5749251436750293,0.30622222222222223
250,19339.890625,1.6819126605987549,7650.62939453125,11687.5791015625,0.6818066993381499,0.571624497773128,0.3002222222222222
251,19269.5546875,1.6753928661346436,7614.96875,11652.91015625,0.6817056535138686,0.5695542041747496,0.3
252,19199.5625,1.6707669496536255,7579.5087890625,11618.3837890625,0.6804931036224928,0.569130153955695,0.29733333333333334
253,19129.91796875,1.6704531908035278,7544.24609375,11584.0009765625,0.6801899661496489,0.5679886222454718,0.2966666666666667
254,19060.619140625,1.6800861358642578,7509.181640625,11549.7578125,0.6800889203253676,0.5693022370438182,0.29644444444444445
255,18991.884765625,1.9147098064422607,7474.3134765625,11515.65625,0.7003991310059112,0.5451002637372218,0.3411111111111111
256,18923.3203125,1.9850187301635742,7439.63916015625,11481.6953125,0.6540190976607891,0.5398679933448127,0.2391111111111111
257,18854.89453125,1.8625518083572388,7405.1591796875,11447.8720703125,0.6658414591017027,0.5470665664029294,0.26511111111111113
258,18786.865234375,1.807297706604004,7370.87060546875,11414.1875,0.6653362299802961,0.5412885415985528,0.264
259,18719.091796875,1.679413080215454,7336.7734375,11380.6396484375,0.678270095488304,0.563429608317531,0.29244444444444445
260,18651.7734375,1.6771637201309204,7302.86669921875,11347.2294921875,0.7071692012327591,0.6142052209798237,0.356
261,18584.7734375,1.6742721796035767,7269.14697265625,11313.953125,0.6820087909867125,0.569491510277033,0.3006666666666667
262,18518.09765625,1.6678411960601807,7235.615234375,11280.8134765625,0.6809983327438993,0.5673165064626517,0.29844444444444446
263,18451.828125,1.7503938674926758,7202.26904296875,11247.8076171875,0.6783711413125852,0.5628725415404288,0.2926666666666667
264,18385.748046875,1.7072733640670776,7169.10791015625,11214.93359375,0.678270095488304,0.5633255519954663,0.29244444444444445
265,18319.98828125,1.6660085916519165,7136.1298828125,11182.193359375,0.6799878745010862,0.5658625587596359,0.2962222222222222
266,18254.58203125,1.6626427173614502,7103.3349609375,11149.583984375,0.6800889203253676,0.5673537130277468,0.29644444444444445
267,18189.490234375,1.6630867719650269,7070.720703125,11117.1064453125,0.6826150659324003,0.5735157116182421,0.302
268,18124.71484375,1.6712785959243774,7038.2861328125,11084.7578125,0.6791795079068358,0.5665777225600674,0.29444444444444445
269,18060.353515625,1.7829335927963257,7006.03125,11052.5390625,0.6848380740665893,0.5744799944782291,0.3068888888888889
270,17996.21875,1.8158303499221802,6973.95361328125,11020.4482421875,0.6768554539483655,0.5593612546045031,0.28933333333333333
271,17932.50390625,1.9656727313995361,6942.052734375,10988.486328125,0.6577577931591977,0.5377138850745076,0.24733333333333332
272,17868.82421875,1.8464748859405518,6910.3271484375,10956.650390625,0.6641236800889203,0.5462538488923764,0.2613333333333333
273,17805.41796875,1.7000091075897217,6878.77587890625,10924.94140625,0.6793815995553983,0.5648041151725189,0.29488888888888887
274,17742.4140625,1.6569548845291138,6847.39794921875,10893.3583984375,0.6824129742838377,0.5704047894098243,0.3015555555555556
275,17679.787109375,1.6960450410842896,6816.19091796875,10861.900390625,0.6786742787854292,0.5635195841234552,0.29333333333333333
276,17617.5546875,1.83316969871521,6785.15576171875,10830.56640625,0.706158742989946,0.6355338317458241,0.35377777777777775
277,17555.412109375,1.767285704612732,6754.2900390625,10799.35546875,0.6558379224978528,0.4404849858686255,0.2431111111111111
278,17493.71875,1.8583261966705322,6723.59326171875,10768.267578125,0.6349214368716213,0.48157969877285906,0.1971111111111111
279,17432.060546875,1.6947282552719116,6693.064453125,10737.30078125,0.6778659121911788,0.5624180343948212,0.29155555555555557
280,17370.853515625,1.6953233480453491,6662.70166015625,10706.4560546875,0.6929217400090941,0.5863516641600732,0.32466666666666666
281,17310.04296875,1.80634343624115,6632.50439453125,10675.732421875,0.69645834385894,0.6249129231238693,0.33244444444444443
282,17249.49609375,1.8970292806625366,6602.4716796875,10645.126953125,0.6386601323700298,0.49240691819786825,0.2053333333333333
283,17188.931640625,1.6859604120254517,6572.60205078125,10614.6435546875,0.6781690496640226,0.5613859499989102,0.2922222222222222
284,17129.197265625,2.0263102054595947,6542.89501953125,10584.2763671875,0.6894861819835295,0.5523962306647194,0.3171111111111111
285,17069.212890625,1.834479808807373,6513.349609375,10554.029296875,0.6568483807406659,0.5235227809382652,0.24533333333333332
286,17009.671875,1.8103598356246948,6483.96337890625,10523.8984375,0.6604860304147931,0.5299968104506783,0.25333333333333335
287,16950.6796875,2.0593721866607666,6454.73681640625,10493.8837890625,0.6576567473349164,0.510540007410798,0.24711111111111111
288,16891.3046875,1.6513235569000244,6425.66748046875,10463.986328125,0.6790784620825544,0.5641718360615242,0.2942222222222222
289,16832.84375,1.8828697204589844,6396.7568359375,10434.203125,0.6664477340473904,0.5270912763283129,0.26644444444444443
290,16774.1875,1.6486883163452148,6368.00146484375,10404.5361328125,0.6791795079068358,0.5657858570006611,0.29444444444444445
291,16716.134765625,1.7518473863601685,6339.400390625,10374.982421875,0.6665487798716718,0.5420097648161468,0.26666666666666666
292,16658.142578125,1.6463124752044678,6310.95458984375,10345.5419921875,0.6787753246097105,0.5657324701933346,0.29355555555555557
293,16600.5234375,1.647139072418213,6282.66162109375,10316.2158203125,0.6921133734148436,0.587474879574533,0.3228888888888889
294,16543.80859375,2.2865285873413086,6254.52099609375,10287.0,0.6504824938109433,0.4972972311224453,0.23133333333333334
295,16486.984375,2.554978847503662,6226.53125,10257.8974609375,0.6596776638205426,0.5182499763871633,0.25155555555555553
296,16429.91796875,2.320133686065674,6198.69140625,10228.9052734375,0.6721063002071439,0.48188866365875455,0.2788888888888889
297,16373.4375,2.412334442138672,6171.00146484375,10200.0244140625,0.664022634264639,0.4713846058835923,0.2611111111111111
298,16316.875,2.163808822631836,6143.45947265625,10171.251953125,0.6588692972262922,0.4634380653458009,0.24977777777777777
299,16260.87109375,2.2169744968414307,6116.064453125,10142.58984375,0.6585661597534482,0.45649715556136794,0.24911111111111112
